"region","type of real estate","Number 1989","Number 1990","Number 1991","Number 1992","Number 1993","Number 1994","Number 1995","Number 1996","Number 1997","Number 1998","Number 1999","Number 2000","Number 2001","Number 2002","Number 2003","Number 2004","Number 2005","Number 2006","Number 2007","Number 2008","Number 2009","Number 2010","Number 2011","Number 2012","Number 2013","Number 2014","Number 2015","Number 2016","Number 2017","Number 2018","Number 2019","Purchase price, average in 1 000 SEK 1989","Purchase price, average in 1 000 SEK 1990","Purchase price, average in 1 000 SEK 1991","Purchase price, average in 1 000 SEK 1992","Purchase price, average in 1 000 SEK 1993","Purchase price, average in 1 000 SEK 1994","Purchase price, average in 1 000 SEK 1995","Purchase price, average in 1 000 SEK 1996","Purchase price, average in 1 000 SEK 1997","Purchase price, average in 1 000 SEK 1998","Purchase price, average in 1 000 SEK 1999","Purchase price, average in 1 000 SEK 2000","Purchase price, average in 1 000 SEK 2001","Purchase price, average in 1 000 SEK 2002","Purchase price, average in 1 000 SEK 2003","Purchase price, average in 1 000 SEK 2004","Purchase price, average in 1 000 SEK 2005","Purchase price, average in 1 000 SEK 2006","Purchase price, average in 1 000 SEK 2007","Purchase price, average in 1 000 SEK 2008","Purchase price, average in 1 000 SEK 2009","Purchase price, average in 1 000 SEK 2010","Purchase price, average in 1 000 SEK 2011","Purchase price, average in 1 000 SEK 2012","Purchase price, average in 1 000 SEK 2013","Purchase price, average in 1 000 SEK 2014","Purchase price, average in 1 000 SEK 2015","Purchase price, average in 1 000 SEK 2016","Purchase price, average in 1 000 SEK 2017","Purchase price, average in 1 000 SEK 2018","Purchase price, average in 1 000 SEK 2019","Assessed value, average in 1 000 SEK 1989","Assessed value, average in 1 000 SEK 1990","Assessed value, average in 1 000 SEK 1991","Assessed value, average in 1 000 SEK 1992","Assessed value, average in 1 000 SEK 1993","Assessed value, average in 1 000 SEK 1994","Assessed value, average in 1 000 SEK 1995","Assessed value, average in 1 000 SEK 1996","Assessed value, average in 1 000 SEK 1997","Assessed value, average in 1 000 SEK 1998","Assessed value, average in 1 000 SEK 1999","Assessed value, average in 1 000 SEK 2000","Assessed value, average in 1 000 SEK 2001","Assessed value, average in 1 000 SEK 2002","Assessed value, average in 1 000 SEK 2003","Assessed value, average in 1 000 SEK 2004","Assessed value, average in 1 000 SEK 2005","Assessed value, average in 1 000 SEK 2006","Assessed value, average in 1 000 SEK 2007","Assessed value, average in 1 000 SEK 2008","Assessed value, average in 1 000 SEK 2009","Assessed value, average in 1 000 SEK 2010","Assessed value, average in 1 000 SEK 2011","Assessed value, average in 1 000 SEK 2012","Assessed value, average in 1 000 SEK 2013","Assessed value, average in 1 000 SEK 2014","Assessed value, average in 1 000 SEK 2015","Assessed value, average in 1 000 SEK 2016","Assessed value, average in 1 000 SEK 2017","Assessed value, average in 1 000 SEK 2018","Assessed value, average in 1 000 SEK 2019","Purchase-price-coefficient 1989","Purchase-price-coefficient 1990","Purchase-price-coefficient 1991","Purchase-price-coefficient 1992","Purchase-price-coefficient 1993","Purchase-price-coefficient 1994","Purchase-price-coefficient 1995","Purchase-price-coefficient 1996","Purchase-price-coefficient 1997","Purchase-price-coefficient 1998","Purchase-price-coefficient 1999","Purchase-price-coefficient 2000","Purchase-price-coefficient 2001","Purchase-price-coefficient 2002","Purchase-price-coefficient 2003","Purchase-price-coefficient 2004","Purchase-price-coefficient 2005","Purchase-price-coefficient 2006","Purchase-price-coefficient 2007","Purchase-price-coefficient 2008","Purchase-price-coefficient 2009","Purchase-price-coefficient 2010","Purchase-price-coefficient 2011","Purchase-price-coefficient 2012","Purchase-price-coefficient 2013","Purchase-price-coefficient 2014","Purchase-price-coefficient 2015","Purchase-price-coefficient 2016","Purchase-price-coefficient 2017","Purchase-price-coefficient 2018","Purchase-price-coefficient 2019"
"00 Sweden","multi-dwelling and commercial buildings (code 320, 321, 325)",3007,2617,2728,2229,2670,2377,2114,2589,3801,2870,2903,2749,2773,2541,2607,2867,3526,3428,2801,2353,1842,2131,1631,1621,1626,1848,2150,1964,1854,1538,1375,3221,5100,4518,6030,6969,8163,7010,7193,10302,10404,8788,10164,12319,11901,11723,11046,10901,10328,8605,11900,10598,12089,8997,9205,7573,8385,8868,8011,10059,11967,11413,1389,1612,1521,2266,3036,5426,4736,4779,6478,5958,4674,5970,7169,6216,6430,7317,7037,6493,5526,8058,6863,8647,6462,6170,5286,5430,5506,5334,5965,6412,6894,2.57,3.06,3.11,2.70,2.32,1.55,1.53,1.59,1.70,1.83,1.99,1.75,1.83,1.93,2.00,1.75,1.84,1.98,1.79,1.85,1.91,1.69,1.73,1.74,1.72,1.77,1.93,1.92,2.00,2.16,1.80
"00 Sweden","multi-dwelling and commercial buildings with dwellings (code 320)",1794,1511,1559,1215,1347,1350,1258,1525,1951,1363,1467,1445,1333,1206,1348,1536,1848,1656,1532,1271,1005,1113,882,848,888,1052,1194,807,773,649,562,2250,3091,3654,4628,4410,6128,4855,5364,6439,6083,6372,7960,8777,6888,7991,6855,6989,6599,6295,9715,9194,9590,7212,6713,6436,7497,7358,5106,6764,6182,6253,939,1063,1250,1754,2008,4070,3308,3576,3885,3587,3281,4529,4793,3452,4098,4138,3930,3748,3999,6010,5920,6974,4847,4280,4338,4737,4190,3022,3572,3081,4058,2.55,3.04,3.15,2.80,2.40,1.56,1.53,1.61,1.76,1.92,2.09,1.77,1.85,2.02,2.09,1.77,1.89,2.08,1.76,1.83,1.90,1.64,1.73,1.72,1.68,1.72,1.93,1.92,1.99,2.14,1.73
"00 Sweden","multi-dwelling and commercial builings with both dwellings and non-residential premises (code 321)",720,644,674,579,695,607,525,653,877,787,802,691,766,627,661,673,769,740,572,506,415,484,315,329,332,339,441,710,679,536,499,3562,5278,4523,6466,5755,7761,7452,7646,9817,8825,8316,13587,14742,11406,13341,13769,11360,9427,9459,10305,11631,12101,7315,8337,6885,7003,8370,9596,12011,15116,13896,1385,1428,1474,2380,2551,5137,4996,5024,6088,4826,4275,7964,8498,6068,6563,9141,6749,5557,6134,6476,6970,8039,4832,6058,4665,4637,5219,6361,7521,7632,8657,2.59,3.19,3.25,2.69,2.34,1.50,1.51,1.57,1.69,1.81,1.97,1.72,1.85,1.80,1.96,1.69,1.88,1.96,1.78,1.79,1.93,1.67,1.63,1.70,1.68,1.77,1.85,1.85,1.90,2.05,1.78
"00 Sweden","multi-dwelling and commercial buildings with non-residential premises (code 325)",493,462,495,435,628,420,331,411,973,720,634,613,674,708,598,658,909,1032,697,576,422,534,434,444,406,457,515,447,402,353,314,6252,11422,7233,9364,13802,15285,14500,13262,18487,20311,14977,11500,16572,20878,18346,18044,18467,16959,12982,18123,12926,17288,13847,14607,10621,11456,12796,10737,13097,17823,16702,3033,3663,2440,3541,5778,10200,9751,8853,12030,11683,8403,7120,10358,11056,11539,12873,13597,11570,8381,13966,9005,12684,10926,9862,7867,7614,8802,7879,7938,10681,9167,2.59,2.92,2.77,2.46,2.14,1.56,1.55,1.53,1.61,1.68,1.80,1.75,1.76,1.91,1.86,1.77,1.72,1.83,1.88,1.95,1.92,1.79,1.83,1.83,1.84,1.88,1.99,2.04,2.18,2.36,1.96
"01 Stockholm county","multi-dwelling and commercial buildings (code 320, 321, 325)",202,217,198,278,384,352,296,300,427,395,449,471,447,326,299,303,292,229,178,178,183,219,104,117,95,118,119,78,89,92,63,11397,18779,13857,17233,19071,17295,20989,19363,27144,35114,24567,31055,38034,37473,44941,40875,42133,41313,46527,68881,48579,53626,56818,49437,33061,34229,49296,29887,52899,81571,87581,5068,4853,4199,5714,7547,10858,13557,12257,14388,17430,10623,16893,21017,17434,21862,27749,26939,26379,31366,48728,32479,38534,46231,33196,21584,21310,31258,21332,29773,40772,41294,2.94,3.89,3.39,3.13,2.47,1.61,1.65,1.76,2.01,2.27,2.58,1.98,2.14,2.34,2.34,1.74,1.86,2.04,1.87,1.77,1.88,1.66,1.84,1.82,1.83,1.89,2.11,2.15,2.23,2.56,2.11
"01 Stockholm county","multi-dwelling and commercial buildings with dwellings (code 320)",98,111,90,151,171,173,158,127,175,142,194,209,171,142,122,104,106,71,69,75,88,87,48,39,28,55,48,16,13,21,18,7403,7613,8632,12033,8789,10520,13023,18233,17760,17558,18673,28146,32042,23605,34132,26113,31041,28406,35164,71862,50422,56685,46565,36473,38786,35152,41254,15281,65038,23908,13440,3025,2128,2575,4109,3693,6919,8625,11052,8705,7815,7437,14665,15298,10319,14924,15290,17450,15793,23142,44377,33831,43606,32470,23928,23485,20336,23582,7116,31019,11310,6130,2.96,3.76,3.34,3.13,2.71,1.62,1.66,1.87,2.21,2.56,2.82,2.03,2.20,2.59,2.54,1.83,1.96,2.15,1.81,1.79,1.77,1.59,1.88,1.92,1.76,1.91,2.11,2.76,2.09,2.36,2.30
"01 Stockholm county","multi-dwelling and commercial builings with both dwellings and non-residential premises (code 321)",69,62,65,87,131,129,94,116,143,129,148,171,191,104,104,107,88,56,53,43,48,69,13,33,21,19,30,34,38,38,27,11598,23073,10818,18028,11976,15167,16736,18779,21991,22141,21707,30983,36681,34229,47399,35945,37000,33437,46702,53797,52723,42109,44286,31427,33344,14954,25211,42885,54859,87038,98879,4331,5123,3413,6135,5113,9751,10401,11339,11382,10060,8192,16607,20167,16728,21430,24182,21958,18076,29976,32324,30661,27676,31311,24809,20664,8787,12257,28295,31413,34690,54130,3.05,4.54,3.32,3.20,2.51,1.60,1.65,1.78,2.01,2.31,2.72,1.95,2.15,2.14,2.30,1.57,1.90,2.12,1.86,1.81,2.02,1.76,1.98,1.80,1.90,1.89,2.57,2.30,2.22,2.72,1.97
"01 Stockholm county","multi-dwelling and commercial buildings with non-residential premises (code 325)",35,44,43,40,82,50,44,57,109,124,107,91,85,80,73,92,98,102,56,60,47,63,43,45,46,44,41,28,38,33,18,22181,40897,29387,35134,51848,46223,58678,23069,48973,68713,39208,37873,53128,66304,59505,63297,58740,54621,60364,75965,40894,62016,72052,73879,29447,41400,76333,22452,46786,111970,144775,12245,11345,8786,10862,19472,27344,38011,16812,27453,36108,19761,22547,34432,30979,34073,45980,41675,38307,42816,65924,31802,43421,66103,47380,20847,27934,54146,21001,27707,66524,57204,2.67,3.33,3.63,2.97,1.93,1.60,1.63,1.47,1.68,1.89,1.94,1.91,1.99,2.14,2.08,1.84,1.70,1.92,1.95,1.71,1.94,1.65,1.75,1.76,1.85,1.86,1.77,1.62,2.30,2.50,2.11
"03 Uppsala county","multi-dwelling and commercial buildings (code 320, 321, 325)",43,28,37,35,56,23,19,26,96,46,36,45,39,52,43,52,79,47,43,38,28,27,29,43,26,31,54,39,44,37,30,2152,4651,2990,4617,3801,10021,15641,8155,20806,23096,13792,12589,8785,18465,16937,16474,23112,10914,5476,10426,6615,32600,8641,11753,13713,5820,9042,8897,6845,9240,13996,870,1883,1162,1475,2594,6084,10189,5484,11093,13787,6629,7486,4644,10676,10587,10310,17821,6718,4144,6950,5403,26688,3972,6542,11535,3308,5566,4470,4216,7163,9504,2.79,2.99,3.51,3.02,1.86,1.76,1.50,1.60,1.71,1.95,2.05,1.72,2.08,2.18,2.16,2.13,1.87,2.00,1.96,2.25,1.81,1.53,2.10,2.12,1.77,1.82,1.76,2.24,1.99,1.93,2.22
"03 Uppsala county","multi-dwelling and commercial buildings with dwellings (code 320)",26,14,12,19,25,10,6,21,54,20,13,23,22,20,17,25,26,16,15,22,11,12,12,14,13,10,22,14,12,17,4,1984,2907,3135,5653,2419,14707,2723,7324,18492,27772,3892,8939,10405,14619,9889,7278,3462,9315,8747,5762,4025,10446,14111,25490,4165,5818,9797,6938,5138,2686,6178,958,1406,1280,1666,1006,8097,1845,5086,6425,16018,1619,4898,5595,8266,4409,3435,1854,4366,7939,2722,2126,8272,5559,14323,2164,3728,5825,4072,2492,1355,2951,2.51,2.62,3.96,3.44,2.09,1.94,1.47,1.60,1.77,2.28,2.41,1.86,2.02,2.47,2.96,2.28,2.37,2.16,1.72,2.40,1.94,1.38,2.25,2.14,1.93,1.71,1.80,1.97,1.95,2.06,2.32
"03 Uppsala county","multi-dwelling and commercial builings with both dwellings and non-residential premises (code 321)",12,7,11,7,5,6,6,3,14,10,7,7,4,8,4,8,12,8,11,3,4,4,5,12,4,8,16,12,20,11,17,1437,5580,2729,5444,1291,5792,5416,2610,7629,12070,3471,41264,7659,5459,17988,21069,7465,4415,5442,2280,1938,3503,4756,3601,951,6660,7988,9385,6209,4983,17774,517,1520,726,2028,599,4694,4520,1594,5946,6652,1185,25009,4398,2870,6419,11348,4360,3514,2947,958,970,2933,3111,1788,642,3901,4599,4477,4750,3039,11387,3.03,3.48,4.09,1.77,2.05,1.36,1.51,1.60,1.62,1.83,2.02,1.54,2.37,2.29,2.34,1.94,1.87,1.54,1.67,2.81,1.99,1.40,1.97,2.28,1.32,2.08,1.86,2.41,1.72,1.93,2.27
"03 Uppsala county","multi-dwelling and commercial buildings with non-residential premises (code 325)",5,7,14,9,26,7,7,2,28,16,16,15,13,24,22,19,41,23,17,13,13,11,12,17,9,13,16,13,12,9,9,4741,7208,3072,1784,5612,6951,35478,25200,31858,24141,26352,4803,6390,26006,22191,26639,40152,14286,2612,20199,10246,67349,4791,6195,33175,5305,9059,10556,9614,26825,10335,1262,3199,1404,642,4505,4400,22200,15497,22668,15458,13081,3275,3112,15286,16119,18918,31886,9470,1569,15489,9540,55415,2743,3489,29913,2620,6178,4893,5050,23177,8859,3.66,3.25,2.68,3.09,1.61,1.84,1.51,1.67,1.64,1.61,1.79,1.58,2.09,1.91,1.51,2.02,1.56,2.06,2.37,1.87,1.65,1.75,2.00,1.99,1.73,1.74,1.60,2.37,2.48,1.68,2.08
"04 S�dermanland county","multi-dwelling and commercial buildings (code 320, 321, 325)",133,90,75,71,55,46,54,68,119,100,96,89,100,106,82,95,129,126,119,72,50,67,55,65,81,69,77,71,87,52,41,3886,5351,2806,3524,4329,4411,7251,5306,6200,6897,4576,6578,5231,4917,5331,6638,11933,8959,7816,9921,10481,6939,16568,10412,8278,7683,6273,13466,8095,16076,8772,1791,1636,1151,1985,2225,3282,5253,3989,4313,5749,2911,4472,3411,2865,3074,4051,7331,5117,5619,7447,7650,4737,9376,8117,6694,5500,3578,6691,4666,7730,5947,2.39,3.16,2.86,2.39,2.11,1.47,1.48,1.59,1.56,1.53,1.92,1.64,1.84,1.92,2.07,1.83,1.86,2.15,1.70,1.78,1.79,1.56,1.59,1.73,1.61,1.67,2.09,2.01,2.06,2.26,1.94
"04 S�dermanland county","multi-dwelling and commercial buildings with dwellings (code 320)",89,62,55,43,23,31,38,43,71,68,61,42,64,60,48,57,67,69,67,43,31,37,26,37,52,45,52,34,29,19,19,1763,4012,1832,3444,3830,2225,5820,3570,3490,5330,4383,7722,4388,2888,4897,5434,7196,8059,5803,4129,7097,5373,5230,6016,4775,6608,6390,7027,5469,8626,4493,845,1461,780,1576,1980,1502,3983,2732,2577,4749,2565,4897,2554,1583,2393,3496,3968,4253,4018,2502,4501,3412,3410,4227,3273,5115,3209,3034,2982,3815,2713,2.42,2.98,2.84,2.66,2.29,1.49,1.51,1.56,1.55,1.55,1.95,1.78,1.96,2.09,2.21,1.79,2.09,2.19,1.68,1.76,1.99,1.58,1.82,1.56,1.54,1.60,2.09,2.22,2.06,2.38,1.92
"04 S�dermanland county","multi-dwelling and commercial builings with both dwellings and non-residential premises (code 321)",27,20,15,17,22,9,14,17,25,17,24,23,26,28,22,27,19,23,31,19,12,24,10,17,17,14,12,28,46,26,12,5623,4189,6127,3541,3026,9054,8483,7938,6266,13192,6313,7196,4718,8513,6784,7603,15254,11571,10047,16145,11320,10491,12296,18166,6376,9964,4971,9900,9760,24238,12544,2454,1144,2435,1736,1755,7983,6668,6528,4118,10303,4532,4896,3906,5147,4151,3769,9309,6209,7967,12696,8910,7579,9541,15554,4246,6454,3031,7386,5743,11925,6197,2.40,3.42,3.05,2.04,1.95,1.27,1.39,1.36,1.76,1.57,1.95,1.61,1.64,1.75,1.99,1.95,1.80,2.03,1.61,1.64,1.41,1.51,1.46,1.54,1.67,1.89,2.21,1.71,1.89,2.18,2.05
"04 S�dermanland county","multi-dwelling and commercial buildings with non-residential premises (code 325)",17,8,5,11,10,6,2,8,23,15,11,24,10,18,12,11,43,34,21,10,7,6,19,11,12,10,13,9,12,7,10,12243,18632,3568,3807,8343,8740,25823,9045,14491,6865,1863,3985,11962,6084,4399,10515,17845,9021,10948,22998,24029,2384,34330,13219,26152,9325,7006,48889,8060,5986,12378,5694,4224,1371,3973,3823,5431,19474,5354,9882,5118,1296,3323,7608,3592,3826,7621,11699,6130,7261,18733,19433,1541,17454,9710,24990,5898,5557,18338,4609,2774,11792,2.23,3.94,2.51,1.87,2.04,1.68,1.36,2.23,1.39,1.38,1.67,1.43,1.63,1.64,1.63,1.77,1.53,2.16,1.90,2.10,1.54,1.70,1.36,2.62,1.85,1.64,1.98,2.12,2.72,2.21,1.83
"05 �sterg�tland county","multi-dwelling and commercial buildings (code 320, 321, 325)",153,143,163,108,161,110,98,125,238,123,142,130,124,93,127,177,176,174,111,136,93,107,71,101,106,120,115,86,104,72,83,3195,4549,4411,5643,3951,6440,4731,5807,8848,5892,7812,6247,5959,4624,6446,12399,8899,10479,10630,10398,11677,11103,7228,4338,10736,8493,8913,6954,9519,7559,9419,1431,1638,1609,2453,2083,4550,3439,4081,6102,4037,5298,4859,4022,2871,4130,8421,5273,6208,5502,6842,7743,7759,5461,2835,8503,6242,5613,4263,5612,4303,6536,2.71,2.90,3.11,2.67,2.10,1.54,1.45,1.57,1.66,1.76,1.83,1.58,1.78,1.92,1.87,1.70,1.97,2.06,1.69,1.93,1.90,1.54,1.48,1.69,1.65,1.73,1.89,1.83,2.04,2.38,1.79
"05 �sterg�tland county","multi-dwelling and commercial buildings with dwellings (code 320)",96,93,100,72,100,70,69,90,147,83,88,80,87,49,83,108,109,99,66,85,59,61,45,60,68,74,70,37,53,27,36,3280,3681,3346,2612,4160,5389,3696,4200,5266,5193,4971,3885,5286,4385,4173,8010,6587,6143,4591,6629,6089,6611,6890,4946,8786,8065,8273,7194,8689,3986,4530,1362,1465,1288,1212,2175,3800,2691,3067,3449,3593,2797,2628,3416,2696,2350,5716,3410,3855,2873,4590,3700,4911,4967,3344,6757,5993,4779,4075,4255,1821,2641,2.77,2.92,3.15,2.70,2.13,1.57,1.45,1.59,1.67,1.80,1.97,1.62,1.84,2.00,1.96,1.70,2.01,2.07,1.70,1.90,1.88,1.49,1.49,1.53,1.65,1.66,1.85,1.77,2.06,2.40,1.68
"05 �sterg�tland county","multi-dwelling and commercial builings with both dwellings and non-residential premises (code 321)",30,35,34,19,36,19,17,20,36,14,23,33,21,18,16,29,21,43,17,17,14,19,15,19,18,20,21,35,38,33,33,1808,3749,4630,9505,3532,6013,5083,4491,8470,3250,4741,11309,6510,2467,5645,8588,6179,8871,5509,5156,8545,9762,6575,3908,12632,7272,10181,6290,11126,8694,16035,645,1237,1544,3643,1838,3820,4287,3413,6063,2174,3694,10144,4742,1421,3596,6739,3327,5487,3355,3755,5246,7978,4706,2664,8107,4980,8218,4257,7109,5010,12190,2.77,2.72,3.34,2.74,2.18,1.62,1.43,1.48,1.54,1.52,1.56,1.45,1.70,1.95,1.72,1.58,2.00,2.01,1.65,1.71,1.87,1.35,1.49,1.66,1.50,1.78,1.94,1.71,1.87,2.34,1.72
"05 �sterg�tland county","multi-dwelling and commercial buildings with non-residential premises (code 325)",27,15,29,17,25,21,12,15,55,26,31,17,16,26,28,40,46,32,28,34,20,27,11,22,20,26,24,14,13,12,14,4435,11797,7828,14166,3717,10331,10185,17204,18670,9547,18155,7538,8898,6568,13645,27013,15616,26058,27972,22440,30354,22195,9500,3052,15658,10652,9670,7982,8204,12478,6397,2551,3652,2791,6383,2069,7709,6543,11058,13216,6457,13586,5098,6375,4205,9711,16941,10576,14455,13003,14016,21415,14039,8513,1596,14798,7923,5768,4776,6767,7942,3222,2.43,3.18,2.74,2.43,1.87,1.35,1.41,1.50,1.74,1.77,1.63,1.60,1.53,1.75,1.71,1.77,1.85,2.10,1.69,2.13,2.00,1.79,1.44,2.15,1.81,1.90,1.99,2.31,2.47,2.47,2.24
"06 J�nk�ping county","multi-dwelling and commercial buildings (code 320, 321, 325)",234,157,156,99,119,89,105,158,159,161,146,122,114,106,124,133,227,180,179,153,103,105,92,80,98,123,129,129,113,94,81,1809,4477,3708,3541,3467,5374,2167,3702,4977,4966,3728,4436,8170,6402,2769,4013,4545,5732,3380,4241,4925,3929,3099,4081,4316,3221,5791,3428,4792,4329,3984,806,1596,1227,1331,1715,3854,1510,2751,3850,3272,2214,2953,5393,3940,1647,2712,3032,3022,2243,2501,2862,2925,2208,2884,3306,2137,4025,2255,3252,2108,2704,2.59,3.00,3.24,2.66,2.13,1.46,1.52,1.55,1.60,1.70,1.82,1.63,1.79,1.75,1.74,1.60,1.65,1.81,1.55,1.70,1.89,1.57,1.52,1.55,1.48,1.66,1.69,1.68,1.88,2.11,1.56
"06 J�nk�ping county","multi-dwelling and commercial buildings with dwellings (code 320)",160,107,104,55,74,50,75,93,93,90,94,80,71,64,90,79,155,101,138,100,69,71,64,57,63,87,84,77,69,57,38,1564,3578,2820,3265,2363,4477,1941,3015,1277,2166,1547,1900,6203,3113,2349,1576,3939,2449,2954,3730,2664,3706,2748,4048,3629,3147,3777,3138,4327,3382,3561,654,1426,846,1196,1209,3109,1405,2054,860,1421,918,1149,4035,1820,1343,1011,2454,1323,1929,2052,1434,2889,1881,2790,2656,2002,2484,1962,2717,1620,2425,2.51,2.96,3.13,2.75,2.16,1.52,1.49,1.55,1.69,1.72,1.90,1.70,1.88,1.76,1.80,1.62,1.65,1.93,1.61,1.73,1.89,1.59,1.61,1.56,1.43,1.63,1.73,1.70,1.87,2.14,1.59
"06 J�nk�ping county","multi-dwelling and commercial builings with both dwellings and non-residential premises (code 321)",49,35,36,31,30,20,21,43,38,41,37,26,21,22,18,22,37,45,22,29,19,18,18,14,15,19,21,40,26,23,28,1756,5577,3609,2563,2869,4189,2470,3627,5466,3420,2042,6398,8259,4409,5011,3846,4217,5873,3894,3806,5085,3077,3687,5038,6714,2484,10222,4118,3717,7982,4835,717,1692,982,946,1281,3717,1587,2534,3894,2190,1376,4216,5235,2385,2866,2333,2636,3535,2656,2128,3402,2129,2539,3789,4928,1658,5779,2780,2142,3742,3072,2.92,3.41,3.71,2.56,2.28,1.27,1.63,1.59,1.54,1.66,1.67,1.55,1.64,1.70,1.70,1.53,1.72,1.66,1.42,1.68,1.63,1.47,1.31,1.32,1.62,1.50,1.48,1.69,2.00,2.16,1.66
"06 J�nk�ping county","multi-dwelling and commercial buildings with non-residential premises (code 325)",25,15,16,13,15,19,9,22,28,30,15,16,22,20,16,32,35,34,19,24,15,16,10,9,20,17,24,12,18,14,15,3484,8327,9708,7043,10109,8982,3341,6753,16602,15478,21557,13931,14437,19121,2611,10144,7577,15299,5878,6898,15121,5879,4286,2803,4680,4429,8962,2991,8126,2186,3468,1947,2585,4255,2818,5075,5959,2213,6119,13722,10302,12400,9919,9926,12437,1990,7173,6011,7388,4041,4824,8747,3982,3700,2076,4136,3363,7882,2379,6906,1409,2725,2.43,2.39,2.86,2.47,1.72,1.48,1.53,1.51,1.35,1.67,1.65,1.39,1.63,1.76,1.41,1.58,1.59,1.65,1.34,1.60,2.21,1.59,1.32,1.89,1.56,2.02,1.73,1.47,1.70,1.87,1.32
"07 Kronoberg county","multi-dwelling and commercial buildings (code 320, 321, 325)",65,74,85,39,49,50,56,54,83,77,54,60,73,67,60,67,101,76,80,56,55,65,37,57,33,40,44,59,73,52,45,1869,2451,2133,1444,1860,3529,3617,3776,8345,5295,2766,3003,4077,6873,2659,4940,6864,9220,4528,4446,3346,3613,3746,3966,7201,8416,7122,5641,6837,5029,6267,681,949,801,548,845,2193,2406,3085,5791,3513,1836,2015,2726,4290,1609,3488,5197,7856,2624,3093,2056,2389,2314,2551,5107,7129,4234,3244,3875,2676,4645,2.45,2.71,2.96,2.60,2.12,1.59,1.50,1.38,1.63,1.61,1.76,1.84,1.64,1.61,1.79,1.64,1.54,1.74,1.75,1.84,2.07,1.70,1.69,1.78,1.84,1.74,2.08,1.81,1.85,2.04,1.85
"07 Kronoberg county","multi-dwelling and commercial buildings with dwellings (code 320)",38,40,47,15,29,26,31,32,37,31,23,36,24,28,27,41,48,37,41,33,29,37,24,26,15,18,19,28,35,20,19,1506,2477,2073,1296,1435,2164,2656,3050,4686,3163,1925,2434,1683,2632,2238,2460,4334,3381,5487,4460,2711,3826,3878,2559,8435,7684,5846,3594,3823,5119,2958,583,917,710,437,641,1415,1949,2604,3794,2303,1191,1646,1109,1504,1196,1552,3009,1838,2746,3229,1423,2366,2221,1315,6110,5378,3796,2327,2377,3292,1859,2.47,2.77,3.19,2.86,2.19,1.55,1.51,1.44,1.74,1.84,2.00,1.81,1.61,1.74,2.04,1.66,1.62,2.01,1.94,1.83,2.06,1.72,1.80,1.89,1.84,1.71,2.10,1.59,1.82,1.93,1.74
"07 Kronoberg county","multi-dwelling and commercial builings with both dwellings and non-residential premises (code 321)",15,12,19,11,6,11,17,14,20,25,15,10,25,22,15,17,29,14,15,17,12,18,11,12,4,8,13,19,23,17,17,1564,1449,2351,1463,588,3195,5099,5242,6167,4295,4379,4692,4872,3739,2554,11868,8548,3707,2695,5115,1825,3740,2910,2951,5433,17813,8675,7465,9976,7544,5291,540,706,852,517,258,2205,2805,4088,4499,3108,2532,3396,3501,2379,1614,8894,6820,3482,1783,3496,1059,2634,2015,1830,2588,17666,4878,3903,5326,3403,2803,2.46,2.49,3.02,2.98,2.15,1.37,1.61,1.38,1.64,1.59,1.88,1.79,1.56,1.51,1.50,1.63,1.58,1.44,1.59,1.70,2.22,1.69,1.54,1.63,1.98,1.64,1.80,1.86,1.88,2.18,1.87
"07 Kronoberg county","multi-dwelling and commercial buildings with non-residential premises (code 325)",12,22,19,13,14,13,8,8,26,21,16,14,24,17,18,9,24,25,24,6,14,10,2,19,14,14,12,12,15,15,9,3397,2950,2063,1598,3283,6542,4189,4117,15227,9635,2463,3261,5643,17915,3380,3153,9890,20949,4034,2474,5964,2594,6750,6534,6385,3987,7461,7532,9055,2058,15097,1170,1140,974,702,1520,3740,3325,3252,9627,5781,2111,1977,3535,11353,2225,2096,7612,19213,2943,1207,4224,2034,5083,4698,4752,3360,4229,4339,5147,1032,14007,2.40,2.70,2.33,1.98,1.97,1.85,1.23,1.17,1.46,1.28,1.31,1.94,1.76,1.53,1.64,1.60,1.35,1.49,1.53,2.32,1.95,1.65,1.30,1.71,1.80,1.83,2.35,2.25,1.85,2.03,2.05
"08 Kalmar county","multi-dwelling and commercial buildings (code 320, 321, 325)",150,132,121,95,90,79,72,109,142,120,115,94,107,102,97,90,118,153,124,86,85,84,66,57,67,87,99,88,73,71,76,1975,2671,2498,1961,3352,4551,3567,3069,3223,4296,3457,2087,3185,3886,2980,2789,4065,5042,3021,7125,4539,4463,4103,3641,4498,5547,3401,3607,4010,8285,5380,742,861,794,856,1424,3001,2066,2290,2224,2851,2114,1464,2241,2000,1885,1737,2437,3850,1811,5078,3299,2734,2739,2126,3479,4207,1966,2060,2086,4268,3517,2.55,2.91,3.31,2.39,2.50,1.61,1.52,1.61,1.68,1.66,1.83,1.63,1.69,1.83,1.86,1.80,1.86,1.82,1.82,1.84,1.87,1.88,1.83,1.75,1.53,1.62,1.86,1.91,2.02,1.74,1.61
"08 Kalmar county","multi-dwelling and commercial buildings with dwellings (code 320)",85,80,68,48,49,45,40,64,74,58,64,50,63,55,52,56,66,89,81,42,51,38,36,33,33,42,51,42,37,24,35,1432,1552,2351,2048,3415,2115,3267,3067,2136,4422,4194,2010,2672,2352,3092,2316,3529,4480,3245,5264,3119,4479,5722,4991,3786,5989,3053,3495,3429,5105,5527,648,595,786,803,1479,1484,1988,2354,1277,3129,2550,1318,1685,1429,1839,1333,2034,2911,1984,3461,1633,2892,3989,2882,2620,3621,1675,1876,1746,2753,3579,2.36,2.71,3.16,2.56,2.42,1.45,1.49,1.57,1.77,1.77,1.91,1.76,1.74,1.74,1.84,1.77,1.86,1.94,1.76,1.89,1.88,1.81,1.76,1.75,1.48,1.54,1.89,1.91,1.99,1.81,1.55
"08 Kalmar county","multi-dwelling and commercial builings with both dwellings and non-residential premises (code 321)",31,27,30,21,23,17,18,26,29,34,27,23,23,26,19,20,30,28,18,24,22,22,12,12,14,16,26,29,24,30,25,1345,3338,2560,1820,3312,4776,2715,2928,2528,3772,2974,1853,2687,1766,1560,3282,4564,2586,2630,3411,4002,4884,2806,2266,4010,9003,4617,3971,4793,6215,5196,551,818,822,735,1246,3028,2016,2103,1691,2522,1758,1264,1732,1055,921,2232,2894,1582,1258,2090,3078,2871,1670,1402,2661,9229,2701,2267,2671,4010,3508,2.70,3.34,3.69,2.82,2.96,1.63,1.47,1.46,1.56,1.50,1.83,1.46,1.80,1.71,1.73,1.99,1.89,1.87,2.02,1.58,1.98,1.89,1.72,1.72,1.61,1.51,1.68,1.80,2.08,1.73,1.56
"08 Kalmar county","multi-dwelling and commercial buildings with non-residential premises (code 325)",34,25,23,26,18,17,14,19,39,28,24,21,21,21,26,14,22,36,25,20,12,24,18,12,20,29,22,17,12,17,16,3908,5530,2855,1915,3232,10773,5521,3271,5801,4673,2036,2523,5271,10528,3795,3975,4994,8340,2575,15492,11562,4053,1730,1303,6014,3000,2771,3263,4232,16428,5348,1150,1757,781,1050,1501,6991,2355,2332,4416,2672,1350,2031,4470,4666,2682,2645,3024,7934,1652,12060,10787,2359,954,772,5468,2285,1772,2160,1963,6862,3396,2.90,3.11,3.24,1.74,2.10,2.00,1.70,1.94,1.60,1.63,1.63,1.53,1.40,2.24,2.02,1.65,1.80,1.50,1.84,2.02,1.63,1.96,2.07,1.78,1.57,1.79,2.01,2.10,1.98,1.67,1.84
"09 Gotland county","multi-dwelling and commercial buildings (code 320, 321, 325)",15,17,19,22,25,17,8,10,19,19,26,21,24,23,26,23,18,18,21,20,17,21,21,19,9,14,19,19,18,17,14,1821,8197,3155,1402,2289,7489,2122,1597,9650,3212,2098,3262,8807,3747,8023,4611,12336,3494,6555,5928,2855,4530,5549,3437,5269,5883,6390,5299,11454,10122,5444,556,2369,959,510,1060,3532,1250,905,6521,1897,1576,1942,4634,2100,4562,2225,6540,1376,3731,4508,1606,2642,3573,2031,2192,3937,3571,3980,3395,4195,2511,2.91,3.18,3.32,3.02,2.41,1.47,1.61,1.77,1.56,1.78,1.80,1.82,2.10,2.03,2.40,1.93,2.42,3.00,1.91,1.90,1.92,1.74,1.64,1.74,2.59,1.69,1.91,1.62,2.02,2.58,2.33
"09 Gotland county","multi-dwelling and commercial buildings with dwellings (code 320)",12,5,4,12,9,7,6,5,3,7,7,8,6,11,9,10,6,5,4,6,4,8,4,7,3,6,4,7,3,4,2,1729,4788,2864,1747,2970,3390,1213,1929,14742,1936,3105,2265,2875,2485,18980,8525,25913,4002,5519,2227,2098,3963,7828,4171,3412,5235,4600,8321,49923,9773,9820,540,1802,769,672,1116,3102,978,1071,7857,1161,2514,1347,1235,1345,11266,3911,13420,1736,3215,1351,1422,2424,3786,2480,2750,4513,2674,6191,10558,3341,4963,2.87,3.44,4.23,2.84,2.87,1.24,1.45,1.85,1.28,1.92,2.11,1.85,2.54,2.25,2.25,2.08,2.14,3.21,1.81,1.75,1.78,1.71,1.81,1.63,1.53,1.14,1.80,1.52,3.06,2.52,1.71
"09 Gotland county","multi-dwelling and commercial builings with both dwellings and non-residential premises (code 321)",3,6,10,8,11,3,1,5,9,8,12,6,13,6,13,9,8,6,13,8,9,10,6,4,1,3,11,5,10,8,7,2188,1751,3669,951,1765,2492,1700,1265,6105,1593,1036,4604,4141,4250,2193,1576,6655,3254,7467,1832,3083,5553,3672,3038,1400,9667,8325,2956,4612,11874,6192,620,545,1084,284,1040,2281,1549,739,4811,977,705,2644,1883,2322,969,907,3382,1454,4124,981,1376,3114,2643,2106,1182,6532,4461,2502,2322,5764,2917,3.04,2.96,3.29,3.40,2.20,1.04,1.10,1.69,1.78,1.69,1.45,1.66,2.08,1.82,2.59,1.81,2.82,2.81,1.93,2.24,2.16,1.86,1.72,1.42,1.18,1.47,2.02,1.23,1.94,2.05,2.08
"09 Gotland county","multi-dwelling and commercial buildings with non-residential premises (code 325)",..,6,5,2,5,7,1,..,7,4,7,7,5,6,4,4,4,7,4,6,4,3,11,8,5,5,4,7,5,5,5,..,17485,2360,1138,2215,13730,8000,..,12026,8682,2910,3250,28055,5557,2318,1659,3331,3337,4628,15090,3100,2635,5745,2994,7157,4390,2860,3951,2055,7597,2645,..,4665,864,440,1007,4497,2577,..,8149,5024,2132,2019,15864,3263,1156,980,2537,1052,2969,12368,2307,1646,4003,1600,2060,1688,2023,2826,1244,2369,961,..,3.18,2.63,2.61,2.05,1.88,3.10,..,1.41,1.73,2.10,1.92,1.59,1.83,2.11,1.85,2.04,3.02,1.94,1.59,1.52,1.40,1.53,2.00,3.51,2.48,1.75,1.99,1.56,3.49,2.93
"10 Blekinge county","multi-dwelling and commercial buildings (code 320, 321, 325)",55,51,61,45,51,34,53,61,75,69,46,79,55,59,66,64,65,62,57,65,50,43,32,42,50,46,61,60,39,46,25,2950,3972,3090,2923,3451,9050,3491,10184,4963,4019,4093,5317,5457,5832,5234,4923,4189,5748,6240,5667,8068,7494,5742,5353,8522,8835,14571,5855,9675,7386,5066,1037,1545,1091,1217,1632,5866,2716,6132,3696,2818,2739,3494,3279,3461,2999,3528,2470,3668,4077,3428,5262,5356,3577,3968,5185,6083,10655,3954,7628,4938,3456,2.53,2.65,3.13,2.62,2.29,1.65,1.49,1.58,1.57,1.71,2.07,1.57,1.75,1.76,1.91,1.74,1.91,1.90,1.69,1.92,1.69,1.57,1.68,1.62,1.73,1.65,1.59,1.74,1.59,1.89,1.77
"10 Blekinge county","multi-dwelling and commercial buildings with dwellings (code 320)",32,27,35,17,22,14,32,27,41,27,18,45,23,26,34,29,39,26,29,30,22,22,18,22,33,26,34,19,16,21,11,2094,5460,4181,5073,3425,4301,3499,8537,4215,3323,2054,4344,6726,3656,4502,4008,3637,6637,4811,4545,11442,7598,5765,5874,9820,7823,8501,4689,6411,6891,4690,968,1875,1464,1895,1386,2581,2730,5332,3284,2236,1157,2884,3432,2066,2456,2724,2331,3244,3065,2736,8028,4833,4020,4740,5879,5065,5422,2780,4078,3754,3252,2.14,2.75,3.67,3.25,2.51,1.73,1.64,1.68,1.57,2.08,2.47,1.58,1.89,1.82,2.02,1.90,1.93,2.02,1.53,1.84,1.67,1.69,1.54,1.48,1.80,1.69,1.55,1.82,1.63,1.85,1.47
"10 Blekinge county","multi-dwelling and commercial builings with both dwellings and non-residential premises (code 321)",16,14,18,16,20,11,14,19,19,20,12,13,14,19,17,13,12,16,10,12,16,8,7,11,11,11,12,23,13,15,7,2820,1630,2091,1504,2413,3659,4342,3363,3631,3961,6594,7601,2745,5924,4471,3254,8154,3909,9653,12259,6492,9786,9019,5154,6590,12071,24897,8665,11455,8297,6115,759,542,690,575,1194,2238,3347,2414,2967,2902,4910,4804,1771,3765,2651,1922,4281,2025,6023,7518,3614,7221,4705,3252,4532,8371,23858,6339,8426,5574,3965,3.21,2.67,2.75,2.58,2.23,1.73,1.22,1.51,1.45,1.48,1.95,1.57,1.68,1.64,1.68,1.71,1.82,2.11,1.68,1.67,1.71,1.23,1.91,1.87,1.46,1.46,1.35,1.56,1.59,1.57,2.02
"10 Blekinge county","multi-dwelling and commercial buildings with non-residential premises (code 325)",7,10,8,12,9,9,7,15,15,22,16,21,18,14,15,22,14,20,18,23,12,13,7,9,6,9,15,18,10,10,7,7156,3235,563,1769,5824,23028,1751,21791,8698,4925,4510,5988,5945,9745,7758,7117,2327,6064,6645,3692,3984,5910,2407,4323,4925,7804,20071,3494,12583,7057,4609,1991,2061,358,1113,3207,15412,1386,12281,5747,3458,2890,3992,4256,5638,4622,5536,1304,5533,4628,2196,2388,5094,1309,2957,2565,6228,11957,2145,12272,6470,3266,2.77,2.34,1.62,1.77,1.89,1.43,1.33,1.51,1.72,1.46,1.71,1.57,1.64,1.82,1.90,1.55,1.91,1.57,1.94,2.17,1.70,1.56,1.83,1.67,1.83,1.77,1.87,1.88,1.51,2.45,1.99
"12 Sk�ne county","multi-dwelling and commercial buildings (code 320, 321, 325)",415,337,384,287,396,376,319,491,637,445,371,394,381,440,489,503,517,487,372,295,242,239,205,154,175,201,222,204,215,179,184,3763,4712,4893,6942,5697,6860,5413,7686,8789,7419,8054,8806,9443,12458,10974,11670,10797,10733,8317,14234,9999,10568,7526,8604,7849,9340,9640,8846,12810,11485,11575,1344,1372,1682,2464,2290,4368,3689,5056,5551,4286,4619,5399,5728,6230,6341,7405,6414,6510,5030,9160,6190,7662,4931,5621,5963,5954,5889,5665,7330,6793,8159,2.83,3.32,3.20,2.84,2.48,1.54,1.48,1.60,1.84,1.85,2.02,1.82,1.85,1.99,2.07,1.80,2.01,2.16,1.91,1.88,1.85,1.71,1.81,1.72,1.71,1.85,1.84,1.97,1.91,2.28,1.72
"12 Sk�ne county","multi-dwelling and commercial buildings with dwellings (code 320)",235,173,206,149,204,217,183,277,324,187,174,200,162,191,241,266,256,225,167,143,122,117,105,70,85,84,96,71,83,54,66,3236,4372,5103,5665,5834,6042,4828,5759,7406,6193,5845,6437,8232,8519,8137,8937,9409,8543,8645,13740,9062,11132,8095,8547,8452,10691,8973,6592,8809,10608,12046,1213,1293,1891,1963,2643,3906,3257,3862,4813,3671,3335,3906,4829,4338,4406,5248,4939,4801,4879,8385,6135,7903,5288,5614,6884,6185,4967,3906,4904,5439,8664,2.76,3.41,3.20,2.95,2.39,1.51,1.48,1.59,1.86,1.91,2.02,1.79,1.85,2.00,2.12,1.83,2.00,2.15,1.90,1.81,1.79,1.69,1.83,1.72,1.60,1.71,1.83,1.85,1.85,2.29,1.63
"12 Sk�ne county","multi-dwelling and commercial builings with both dwellings and non-residential premises (code 321)",122,99,112,81,109,108,94,143,156,139,121,100,120,126,130,125,125,126,94,57,67,54,36,32,50,58,54,74,78,71,74,4412,4846,4852,7647,4303,7461,5875,8193,10114,8523,7281,13986,10596,11042,11153,17477,11491,9002,7403,8522,9351,9457,6171,8341,5920,9445,9727,6258,18469,14495,13308,1532,1292,1542,2752,1907,4550,4057,5404,6287,4842,4324,8769,6266,5914,5911,11412,5689,4206,4726,5996,5673,6924,3785,5296,4305,5757,6180,3633,10809,9375,9361,2.74,3.56,3.37,2.78,2.48,1.49,1.49,1.63,1.82,1.80,2.08,1.80,1.88,1.95,2.15,1.75,2.18,2.30,1.92,1.91,1.94,1.76,1.72,1.70,1.69,1.84,1.76,1.85,1.93,1.94,1.75
"12 Sk�ne county","multi-dwelling and commercial buildings with non-residential premises (code 325)",58,65,66,57,83,51,42,71,157,119,76,94,99,123,118,112,136,136,111,95,53,68,64,52,40,59,72,59,54,54,44,4532,5414,4311,9280,7190,9068,6929,14179,10329,8057,14344,8335,10028,20025,16569,11678,12773,15959,8597,18405,12978,10478,7354,8843,8976,7312,10464,14804,10786,8403,7953,1477,1704,1267,3363,1924,5944,4749,9009,6342,4602,8027,4989,6546,9494,10767,8056,9857,11472,5515,12226,6969,7835,4990,5831,6079,5817,6901,10329,6032,4752,5381,3.30,2.75,2.93,2.64,2.69,1.73,1.48,1.58,1.82,1.81,1.91,1.91,1.82,2.02,1.86,1.79,1.90,2.06,1.91,1.96,1.88,1.71,1.82,1.74,1.95,2.04,1.92,2.27,1.99,2.72,1.80
"13 Halland county","multi-dwelling and commercial buildings (code 320, 321, 325)",86,88,91,55,82,138,65,112,140,118,96,85,96,84,73,101,108,102,101,70,70,114,72,48,53,64,73,47,75,63,39,1778,4027,3121,3209,3847,13476,2589,6453,6518,4514,4396,4095,7626,3431,5460,4192,6339,6339,4686,5559,5311,6425,4192,6265,6392,5953,5824,6672,6204,10002,8490,698,1018,1257,1203,1960,8806,1928,4222,4560,3036,2430,2625,4954,2126,3019,2779,4232,3490,2718,3603,3251,4932,2602,4252,3860,3677,2992,3774,3414,6317,5713,2.76,3.28,3.16,2.73,2.41,1.62,1.56,1.55,1.61,1.85,2.08,1.62,1.78,1.82,1.96,1.60,1.84,1.94,1.80,1.91,1.98,1.54,1.77,1.59,1.82,1.72,2.10,2.04,1.93,2.22,1.75
"13 Halland county","multi-dwelling and commercial buildings with dwellings (code 320)",53,51,59,34,37,100,43,74,96,65,53,54,50,35,40,60,64,55,62,44,46,69,34,32,32,43,49,27,42,30,19,1247,2215,1879,2197,3843,15180,2148,7612,4437,2920,3356,3965,4962,2187,6811,2770,5354,3599,3724,6052,4758,6996,2699,4429,6456,5991,4375,6912,6255,6979,5074,509,836,777,870,1324,9665,1442,4869,3208,1689,1748,2547,3147,1217,3778,1927,3441,1910,2265,4212,3040,5711,1552,3127,4302,3363,2197,3827,3357,3764,3252,2.36,3.25,3.19,2.73,2.65,1.70,1.65,1.59,1.65,1.98,2.14,1.61,1.76,1.88,2.00,1.53,1.95,2.04,1.79,1.82,1.92,1.50,1.78,1.57,1.68,1.78,2.10,1.92,1.98,1.96,1.63
"13 Halland county","multi-dwelling and commercial builings with both dwellings and non-residential premises (code 321)",17,18,14,9,11,23,11,21,24,23,17,13,17,18,14,16,22,12,17,10,8,19,13,3,6,11,8,12,26,15,10,3182,3446,6785,6352,3043,10030,1916,2172,5965,4012,3189,4284,2900,3555,2389,6585,6852,8494,6125,4153,5890,6896,5509,5450,3590,6326,3861,5611,5741,11575,17612,1408,943,2482,2066,1569,6389,1520,1312,4205,1953,1364,2507,1967,2095,1211,4312,4155,4766,3267,2031,2429,4684,3237,3915,2240,3720,2252,2909,3530,7041,11039,2.59,3.27,3.81,2.37,1.94,1.42,1.42,1.54,1.50,2.00,2.43,1.57,1.63,1.62,1.91,1.49,1.85,1.70,1.97,2.04,2.62,1.67,1.70,1.57,1.77,1.65,1.83,2.07,1.74,2.20,1.92
"13 Halland county","multi-dwelling and commercial buildings with non-residential premises (code 325)",16,19,18,12,34,15,11,17,20,30,26,18,29,31,19,25,22,35,22,16,16,26,25,13,15,10,16,8,7,18,10,2046,9443,4341,3719,4112,7400,4989,6695,17174,8354,7307,4349,14991,4765,4877,6076,8694,9905,6282,5081,6612,4565,5536,10973,7378,5380,11242,7452,7621,13729,5858,570,1576,1876,1501,2778,6790,4235,4999,11478,6786,4517,2944,9820,3170,2754,3842,6608,5534,3572,2911,4266,3045,3700,7098,3563,4981,5796,4893,3324,9968,5065,4.26,3.39,2.53,3.02,2.30,1.39,1.36,1.38,1.58,1.45,1.73,1.67,1.90,1.87,1.92,1.83,1.53,1.87,1.72,2.08,1.84,1.58,1.80,1.63,2.14,1.50,2.24,2.40,2.35,2.66,1.82
"14 V�stra G�taland county","multi-dwelling and commercial buildings (code 320, 321, 325)",485,408,483,413,510,459,410,446,658,462,496,468,481,432,489,486,647,653,508,416,326,369,290,298,284,339,391,352,333,264,229,2509,4331,5628,5514,7263,7558,5014,6528,7712,7893,7800,7906,9038,9856,9913,7861,8113,9310,6026,7233,6545,9406,5836,6578,6009,9015,6406,8182,8244,8063,9597,1300,1605,1851,2153,3411,5361,3696,4260,5287,5123,4424,4721,5265,5440,5935,5210,4820,5873,4101,4613,4252,6377,3891,4731,3791,5531,3552,5506,4913,4358,6163,2.59,3.15,3.23,2.74,2.46,1.50,1.45,1.51,1.62,1.78,1.94,1.74,1.81,1.93,2.01,1.70,1.79,1.93,1.70,1.86,1.91,1.76,1.69,1.77,1.70,1.75,1.97,1.85,2.02,2.10,1.76
"14 V�stra G�taland county","multi-dwelling and commercial buildings with dwellings (code 320)",313,242,296,245,267,257,245,266,372,227,242,279,248,226,253,276,381,310,305,241,183,190,159,148,159,212,246,135,145,136,90,1668,2778,4680,4502,4358,5375,3639,4274,5254,5984,6779,6807,7029,5801,6561,5616,6611,5591,5490,5964,5366,5312,4391,5289,4829,5784,6528,4990,5623,6453,9307,680,971,1567,1751,2092,3747,2653,3019,3595,4037,3991,4128,4034,3098,3875,3288,3661,3284,3802,3699,3307,3325,3001,3127,3172,3716,3527,3200,2866,3343,6520,2.63,3.12,3.25,2.87,2.45,1.50,1.44,1.52,1.63,1.85,1.94,1.72,1.78,1.93,2.05,1.70,1.76,2.00,1.65,1.82,1.94,1.68,1.62,1.79,1.63,1.71,1.92,1.79,2.02,2.03,1.60
"14 V�stra G�taland county","multi-dwelling and commercial builings with both dwellings and non-residential premises (code 321)",96,89,109,88,115,123,100,106,129,128,139,94,122,84,131,113,148,110,94,89,73,77,65,68,53,53,62,142,114,84,86,2430,3299,4486,4322,7857,6184,5482,4850,5775,8338,5744,8943,11499,9955,10506,10890,8820,10090,6257,8865,7627,12572,8482,5386,4108,4272,6002,11592,11456,10949,7407,1019,1061,1478,1777,3588,4402,4130,3520,3715,5018,3314,5209,6687,5511,5290,7107,5024,7003,4272,5098,5016,7473,4998,3261,2631,2605,3193,7480,7423,6195,5319,2.63,3.32,3.45,2.70,2.55,1.50,1.39,1.52,1.61,1.80,1.84,1.70,1.89,1.69,2.04,1.66,1.78,1.98,1.72,1.79,1.85,1.74,1.62,1.74,1.65,1.69,1.94,1.78,1.90,2.01,1.60
"14 V�stra G�taland county","multi-dwelling and commercial buildings with non-residential premises (code 325)",76,77,78,80,128,79,65,74,157,107,115,95,111,122,105,97,118,233,109,86,70,102,66,82,72,74,83,75,74,44,53,6069,10405,10818,9923,12789,16797,9474,17035,15126,11411,12435,10107,10822,17298,17251,10718,12074,13891,7329,9100,8498,14642,6710,9893,10015,21667,6347,7470,8431,7529,13646,4208,4222,3452,3801,6002,12106,6960,9781,10587,7555,6677,5976,6452,9730,11706,8467,8308,8782,4791,6671,5926,11236,4945,8847,6010,12827,3894,5918,5056,3989,6928,2.38,3.02,2.86,2.41,2.40,1.47,1.54,1.48,1.61,1.60,2.08,1.84,1.80,2.07,1.88,1.75,1.88,1.83,1.85,2.05,1.91,1.94,1.94,1.78,1.90,1.89,2.11,2.09,2.21,2.49,2.30
"17 V�rmland county","multi-dwelling and commercial buildings (code 320, 321, 325)",130,114,109,108,115,98,83,82,136,121,89,107,123,90,103,99,135,157,124,93,69,84,72,80,74,71,107,79,82,59,62,1682,2041,2153,3857,4985,4721,4215,3463,12532,4938,3256,2543,5945,5196,3863,3326,8414,5674,6814,3113,5121,4408,6676,5285,3047,2379,7123,3460,3228,3429,7365,630,909,743,1411,2012,3156,2610,2637,8890,3106,2300,1734,4708,2917,2658,2130,6688,3465,4060,2135,2865,3386,4143,3634,2082,1300,4322,2063,2342,1674,7046,2.53,2.57,3.06,2.63,2.44,1.50,1.65,1.57,1.65,1.79,1.87,1.70,1.53,1.80,1.92,1.91,1.95,2.09,1.96,1.80,2.22,1.91,1.71,1.69,1.76,1.88,1.91,2.07,1.81,2.03,1.53
"17 V�rmland county","multi-dwelling and commercial buildings with dwellings (code 320)",80,79,69,59,59,67,54,52,68,70,47,53,66,42,72,59,73,80,62,55,44,45,43,50,40,41,66,27,34,24,30,888,1781,2119,1974,3493,2810,3707,2758,5318,3585,3146,2053,3480,1771,2381,1980,3021,5019,4660,2018,2159,3983,3201,6107,3220,3041,8651,4154,3597,2616,3130,349,719,666,951,1409,1866,2257,1919,3662,2152,2215,1362,2775,1025,1409,1040,1533,2415,2653,1160,1107,2553,2050,3999,1836,1600,5181,2226,2700,1348,2142,2.35,2.68,3.20,2.47,2.63,1.53,1.61,1.64,1.64,1.93,2.00,1.69,1.55,1.77,2.03,1.96,2.01,2.46,1.91,1.81,2.28,1.88,1.62,1.62,1.80,1.81,1.85,2.01,1.77,2.05,1.50
"17 V�rmland county","multi-dwelling and commercial builings with both dwellings and non-residential premises (code 321)",26,18,19,29,26,15,13,14,31,20,25,27,26,22,14,20,23,35,21,18,13,16,7,11,13,10,16,27,31,20,10,1873,2073,2816,4491,3300,2556,6290,2146,19036,3715,3012,3716,4398,3542,1180,1184,9531,6876,1578,2799,1431,2236,1159,3321,2551,759,5537,2964,3557,3124,9881,728,720,882,1552,1315,1605,3883,1812,14123,2531,2083,2542,3542,2267,745,716,9950,4333,948,1624,936,1274,820,3221,1789,424,3303,1838,2428,1923,8816,2.54,2.62,3.20,2.82,2.58,1.54,1.69,1.27,1.60,1.51,1.74,1.64,1.57,1.71,1.69,1.86,1.74,2.09,1.84,1.66,2.08,1.88,1.51,1.34,1.85,2.01,1.84,1.91,1.79,1.90,1.98
"17 V�rmland county","multi-dwelling and commercial buildings with non-residential premises (code 325)",24,17,21,20,30,16,16,16,37,31,17,27,31,26,17,20,39,42,41,20,12,23,22,19,21,20,25,25,17,15,22,4123,3216,1663,8491,9378,14754,4245,6909,20340,8782,3917,2333,12490,12128,12345,9438,17850,5920,12754,6409,19977,6750,15225,4257,3024,1831,4103,3247,1889,5138,11996,1462,1995,868,2563,3803,10015,2766,5692,14111,5633,2857,1654,9800,6523,9527,6758,14414,4743,7781,5274,11403,6485,9292,2912,2730,1122,2708,2131,1469,1864,12929,3.13,1.97,2.48,2.81,1.95,1.35,1.77,1.62,1.71,1.66,1.70,1.80,1.45,1.93,1.69,1.79,1.96,1.37,2.08,1.89,2.16,1.98,1.95,2.10,1.62,1.96,2.11,2.30,1.94,2.17,1.39
"18 �rebro county","multi-dwelling and commercial buildings (code 320, 321, 325)",109,115,90,91,90,74,66,74,85,82,114,87,85,55,83,93,93,113,114,90,57,66,55,58,79,74,85,94,81,63,58,2254,4249,3314,3011,3467,5171,4256,3926,6413,3741,4464,2744,7706,7211,6628,4226,3460,6536,6333,7120,3549,4005,5995,4555,5347,8136,5874,4928,7033,8861,6714,1027,1438,1118,1396,1626,3914,2991,2795,3924,2347,2710,1728,4564,4528,3602,2553,2416,3768,3806,4682,2029,2395,4289,2722,4045,4899,3854,3614,4738,4627,4073,2.17,2.97,2.72,2.40,1.99,1.47,1.54,1.64,1.86,1.77,1.93,1.78,1.75,1.82,2.05,1.95,1.76,1.98,1.67,1.75,1.87,1.65,1.71,1.74,1.67,1.80,2.11,1.82,1.95,2.13,1.92
"18 �rebro county","multi-dwelling and commercial buildings with dwellings (code 320)",67,64,53,39,45,46,45,47,39,34,63,52,38,23,44,46,43,50,71,49,26,33,32,28,41,50,57,46,23,30,29,1486,1523,2507,2084,1732,3318,3499,2045,2812,2060,3517,1992,2960,2359,4100,3147,2506,4814,6646,4661,4670,5105,5397,4496,4598,9038,4768,4275,3838,6958,5147,666,520,887,822,802,2525,2457,1362,1616,1237,1924,1270,1703,1200,2146,1847,1393,2364,4072,2847,2699,2870,3666,2532,2679,5292,2405,3053,2200,3029,2746,2.37,2.99,2.67,2.64,2.16,1.47,1.53,1.71,1.96,1.86,2.22,1.86,1.82,2.01,2.16,1.86,1.84,2.18,1.65,1.82,1.89,1.69,1.63,1.79,1.74,1.86,2.21,1.92,1.91,2.33,1.90
"18 �rebro county","multi-dwelling and commercial builings with both dwellings and non-residential premises (code 321)",30,37,24,41,27,13,11,12,24,31,36,20,26,16,28,23,32,32,26,24,19,15,8,15,22,16,16,31,46,25,17,4193,4425,3679,3545,4337,5062,9054,1639,6410,3039,6794,3052,7496,1309,3159,7331,2645,7546,7035,6843,2503,1892,5031,5906,8521,7340,3918,6511,9437,13055,8181,1975,1390,1089,1836,1787,3790,6309,1212,4042,1820,4480,2050,4296,1005,1883,4734,1523,4505,4224,4264,1288,1416,3606,3890,8306,4750,2284,5120,6510,7491,4623,1.81,2.95,2.89,2.09,1.84,1.23,1.49,1.50,1.68,1.66,1.52,1.58,1.70,1.34,1.94,1.82,1.90,1.88,1.53,1.62,1.81,1.39,1.47,1.54,1.36,1.54,1.80,1.70,1.84,1.98,1.86
"18 �rebro county","multi-dwelling and commercial buildings with non-residential premises (code 325)",12,14,13,11,18,15,10,15,22,17,15,15,21,16,11,24,18,31,17,17,12,18,15,15,16,8,12,17,12,8,12,1695,16246,5928,4310,6499,10946,2385,11651,12800,8383,2848,4939,16556,20087,25574,3320,7187,8272,3953,14600,2777,3750,7787,3315,2902,4090,13739,3809,3944,2891,8422,673,5764,2115,1794,3444,8279,1740,8551,7887,5531,1758,2884,10075,12833,13796,1816,6447,5273,2056,10557,1750,2339,5982,1907,1684,2741,12830,2389,2808,1670,6498,1.96,2.93,2.62,2.69,1.79,1.68,1.66,1.55,1.87,1.78,1.72,1.77,1.71,2.02,1.88,2.23,1.33,1.74,1.97,1.73,1.91,1.79,2.01,1.85,1.93,1.91,2.03,1.77,2.48,1.85,2.05
"19 V�stmanland county","multi-dwelling and commercial buildings (code 320, 321, 325)",65,66,61,45,70,53,43,42,88,63,87,64,62,56,68,73,123,104,68,71,34,65,43,34,58,46,59,52,40,43,35,3324,6484,3123,4511,4723,7143,7277,4395,8814,3940,7685,5375,19726,5180,10281,8269,14721,15480,10713,8295,12081,4856,4044,6297,5426,4528,7545,5698,7820,9400,10527,1416,2277,1181,1910,2332,5479,5195,3130,6487,2507,5346,3235,8710,2973,6438,6325,10867,8484,8062,5115,7150,3497,2501,4157,3863,2896,4627,3570,5201,7237,6192,2.76,3.06,2.76,2.66,2.25,1.57,1.56,1.63,1.60,1.66,1.92,1.85,1.98,1.91,2.03,1.73,1.76,1.92,1.76,1.87,1.87,1.73,1.86,1.73,1.63,1.93,2.00,2.01,2.04,1.77,2.10
"19 V�stmanland county","multi-dwelling and commercial buildings with dwellings (code 320)",40,28,27,25,31,34,21,31,46,30,37,30,32,30,29,41,51,46,24,33,17,32,26,23,29,24,23,18,15,12,14,4200,2954,4107,1628,2489,4742,2589,3830,6730,1848,7017,2791,5555,2453,10718,6389,5213,13169,5022,6937,12734,4075,5086,5513,4178,4728,6901,3010,6481,4475,6397,1784,1187,1189,762,1249,3672,1830,2740,4535,1096,4428,1485,3174,1407,6130,4255,3490,9338,3484,3800,7477,2920,3071,3325,2732,3288,4079,1648,3332,2183,3498,3.02,3.20,3.41,2.94,2.60,1.61,1.63,1.69,1.71,1.75,2.40,2.03,2.14,2.13,2.31,1.73,1.85,1.93,1.76,1.85,1.90,1.66,1.90,1.74,1.63,1.68,1.85,2.11,2.15,2.31,2.04
"19 V�stmanland county","multi-dwelling and commercial builings with both dwellings and non-residential premises (code 321)",12,20,13,8,12,8,10,6,14,23,26,18,11,7,15,16,27,31,17,21,6,15,6,4,13,7,11,22,17,21,14,1261,3366,2083,3276,3599,6014,9085,2493,6037,3693,6537,4658,2441,2403,5963,4327,5828,8339,7847,4382,25650,6543,4117,12888,3293,2412,16996,5352,7800,7800,7977,450,1203,658,1131,1712,2582,4913,1633,5109,2516,4380,2839,1693,1556,3477,2419,3739,4918,5294,2633,14528,4587,2767,9236,1898,1344,11112,3302,6268,5267,3204,2.73,2.95,2.96,2.76,2.14,1.70,1.69,1.48,1.27,1.60,1.73,1.64,1.58,1.68,1.71,1.90,1.94,1.72,1.88,1.97,2.07,1.86,1.80,1.85,1.85,1.86,2.03,1.84,1.83,1.46,2.36
"19 V�stmanland county","multi-dwelling and commercial buildings with non-residential premises (code 325)",13,18,21,12,27,11,12,5,28,10,24,16,19,19,24,16,45,27,27,17,11,18,11,7,16,15,25,12,8,10,7,2532,15442,2503,11342,7788,15382,13974,10176,13627,10786,9958,11025,53600,10508,12451,17030,30834,27616,17577,15762,3669,4838,1543,5107,9422,5197,3978,10368,10375,18673,23886,1172,5167,1494,4823,3851,13173,11317,7346,10383,6721,7807,6961,22097,5967,8661,15535,23505,11125,13875,10734,2622,3614,1007,3988,7511,2994,2277,6944,6436,17439,17556,2.00,2.97,1.80,2.03,1.89,1.35,1.31,1.41,1.59,1.50,1.38,1.77,1.94,1.65,1.90,1.59,1.55,2.15,1.70,1.80,1.73,1.75,1.79,1.59,1.47,2.35,2.13,2.19,2.29,1.78,1.72
"20 Dalarna county","multi-dwelling and commercial buildings (code 320, 321, 325)",117,83,82,94,66,50,52,50,112,74,81,74,95,71,71,105,153,115,112,92,70,104,72,69,52,65,87,80,80,63,66,2825,3814,1812,4351,3707,3439,5001,4586,10667,5036,2630,3233,5117,6269,4143,7224,5760,5251,4134,3846,3263,8435,3163,3904,2473,4173,2605,3647,9949,3737,6045,1329,1555,662,1864,1937,2892,3553,3696,6789,3595,1868,2088,2930,3403,2563,3855,4199,2875,2784,2696,1973,6346,2264,2396,1567,2887,1496,2077,7016,1644,3758,2.07,2.42,2.78,2.43,2.04,1.45,1.64,1.46,1.52,1.49,1.60,1.63,1.84,1.81,1.93,1.76,1.67,1.84,1.66,1.88,1.88,1.72,1.93,1.85,1.82,1.73,1.99,2.18,2.00,2.41,2.06
"20 Dalarna county","multi-dwelling and commercial buildings with dwellings (code 320)",55,42,31,40,23,16,22,25,29,26,36,21,27,25,24,47,53,43,56,36,28,52,30,31,19,33,36,31,30,20,23,2339,2233,1513,4214,2122,1881,4287,2516,3152,5178,1461,2427,2351,2189,1761,7350,2484,3804,3907,2064,3352,3314,2865,2502,2208,4666,2974,3046,7464,2603,3363,1103,837,545,2040,1492,1347,3242,1769,2032,4022,893,1700,1734,1245,1362,3685,1683,2358,2429,1171,1817,2316,1668,1486,1062,3489,1735,1471,3979,1141,1983,2.06,2.43,3.08,2.36,1.87,1.75,1.79,1.58,1.66,1.51,1.68,1.44,1.83,1.90,1.98,1.83,1.91,1.82,1.72,1.95,2.09,1.70,2.18,1.85,2.09,1.59,2.04,2.31,2.34,2.69,2.09
"20 Dalarna county","multi-dwelling and commercial builings with both dwellings and non-residential premises (code 321)",22,22,27,29,18,18,14,14,30,18,16,27,23,14,20,25,32,35,24,24,11,21,18,11,13,12,19,18,26,23,24,2088,1149,2542,2200,2613,2902,5028,3484,5488,2620,3587,2599,2857,7168,2589,7642,3065,2429,3879,2471,5265,2958,2826,3802,3379,4664,2475,3205,10339,1912,4118,1125,518,847,846,916,2112,3769,3035,4187,1687,2466,1940,2132,4413,2253,4671,1673,1709,2932,1591,2557,1994,1913,2163,2163,2895,1449,1806,10793,1181,2572,2.11,2.12,2.79,2.54,2.19,1.30,1.49,1.27,1.51,1.63,1.66,1.55,1.82,1.76,1.59,1.79,1.93,1.73,1.61,1.80,1.91,1.64,1.86,2.08,1.55,1.96,2.01,2.10,1.64,1.98,2.10
"20 Dalarna county","multi-dwelling and commercial buildings with non-residential premises (code 325)",40,19,24,25,25,16,16,11,53,30,29,26,45,32,27,33,68,37,32,32,31,31,24,27,20,20,32,31,24,20,19,3899,10396,1376,7068,5954,5600,5958,10692,17711,6363,3553,4544,7932,9064,7413,6727,9582,9603,4720,6882,2473,20736,3787,5555,2136,3066,2267,4505,12632,6968,11725,1750,4345,605,2764,3080,5314,3792,8918,10865,4371,2747,2554,4056,4647,3861,3478,7349,4578,3294,5240,1906,16055,3273,3537,1658,1888,1256,2840,6721,2678,7404,2.04,2.76,2.39,2.43,2.09,1.33,1.55,1.42,1.44,1.39,1.45,1.85,1.86,1.77,2.13,1.64,1.36,1.95,1.59,1.86,1.69,1.81,1.68,1.76,1.74,1.82,1.91,2.11,1.95,2.63,1.99
"21 G�vleborg county","multi-dwelling and commercial buildings (code 320, 321, 325)",110,88,73,74,52,47,47,71,115,90,73,70,84,76,79,99,110,147,102,90,65,69,49,57,61,61,96,89,57,61,59,2444,1734,3277,3739,4189,6993,3315,2840,8859,5310,3721,4555,5642,4355,4085,6004,4663,6542,6371,3950,4820,4190,2314,10954,2885,4766,3288,4946,16182,4032,3958,819,630,947,1609,1993,4796,2184,2108,6352,3991,2121,3096,3429,2956,2922,4364,3484,5361,3427,2558,2388,3209,1415,6508,1921,3168,1917,3281,10068,2220,2383,2.41,2.85,3.04,2.81,2.16,1.56,1.68,1.44,1.57,1.67,1.89,1.69,1.73,1.69,1.59,1.63,1.62,1.72,1.79,1.76,2.11,1.60,1.84,1.80,1.79,1.67,1.92,2.15,2.03,2.25,1.89
"21 G�vleborg county","multi-dwelling and commercial buildings with dwellings (code 320)",52,42,31,32,24,24,25,41,39,33,32,33,36,32,32,49,41,61,48,45,34,31,18,27,31,31,49,26,13,22,29,761,1509,3608,1544,2938,5376,2149,1769,2596,2122,2598,2517,2547,2801,3888,2666,2056,3317,2591,2628,3026,2712,1541,3741,2728,4653,3318,2782,3160,3511,2715,305,466,1008,548,1277,3486,1591,1447,1511,1248,1304,1861,1728,1630,2394,1595,1346,2355,1585,1642,1622,1692,881,2219,1808,3701,1923,1372,2008,1788,1568,2.28,2.81,3.06,2.84,2.25,1.60,1.69,1.43,1.76,1.73,2.08,1.54,1.76,1.79,1.81,1.66,1.68,1.83,1.76,1.90,2.05,1.65,1.98,1.75,1.75,1.56,1.98,2.56,1.89,2.14,1.86
"21 G�vleborg county","multi-dwelling and commercial builings with both dwellings and non-residential premises (code 321)",37,27,24,22,17,8,14,16,26,30,20,17,17,20,23,23,28,35,14,31,13,19,12,9,16,17,25,43,25,17,20,1765,1461,3388,4876,2740,9136,5798,5803,10692,3396,3293,6883,4306,2594,3551,9276,3094,6653,3686,5510,3387,4418,1515,5262,3305,4797,3583,3608,4286,3786,5513,771,423,994,1684,1290,6910,3497,3741,7212,1997,1822,4434,2425,1711,2448,7839,2101,4846,2283,3397,1688,3384,1412,3145,2275,2358,2017,1773,2496,1704,3272,2.33,3.33,3.07,2.77,2.24,1.46,1.87,1.57,1.56,1.78,1.56,1.95,1.48,1.72,1.36,1.41,1.52,1.90,1.68,1.56,2.21,1.57,1.18,1.80,1.73,1.96,1.87,2.15,2.12,2.30,1.97
"21 G�vleborg county","multi-dwelling and commercial buildings with non-residential premises (code 325)",21,19,18,20,11,15,8,14,50,27,21,20,31,24,24,27,41,51,40,14,18,19,19,21,14,13,22,20,19,22,10,7806,2618,2558,6000,9160,8437,2614,2591,12790,11334,5841,5938,9970,7895,4861,9275,8341,10323,11847,4743,9246,6373,3551,22667,2752,4995,2883,10639,40745,4742,4452,2180,1286,782,3225,4641,5764,1735,2178,9681,9558,3652,3997,5955,5762,4079,6428,6566,9308,6039,3642,4339,5509,1923,13465,1767,2956,1791,9008,25545,3049,2967,2.88,2.26,2.95,2.79,1.86,1.55,1.34,1.33,1.44,1.48,1.91,1.70,1.82,1.55,1.51,1.75,1.63,1.48,1.86,1.77,2.17,1.55,2.12,1.88,1.95,1.55,1.84,1.63,2.01,2.33,1.80
"22 V�sternorrland county","multi-dwelling and commercial buildings (code 320, 321, 325)",137,134,136,87,92,86,87,82,157,90,92,85,60,81,74,92,125,159,143,104,77,99,90,77,69,94,113,98,81,70,53,2186,2481,2276,3314,5422,2893,5101,2936,5991,8101,6984,3518,4215,8067,3823,2519,4343,5803,4484,3442,3004,2903,3796,4049,3078,4280,3125,10538,5076,3805,4498,890,734,897,1551,2043,1963,3389,2064,3897,4142,4229,2079,2945,5241,2298,1661,2930,4065,2515,1973,1702,2010,2707,3021,1799,2959,2059,7988,3134,1855,2826,2.41,2.80,2.86,2.34,2.22,1.61,1.60,1.57,1.65,1.91,1.83,1.68,1.62,1.65,1.72,1.74,2.02,2.01,1.90,1.97,1.84,1.65,1.68,1.60,1.78,1.76,1.95,1.92,2.08,2.22,1.83
"22 V�sternorrland county","multi-dwelling and commercial buildings with dwellings (code 320)",85,77,90,64,39,44,61,50,83,45,48,50,29,42,43,59,74,94,89,63,44,69,54,42,49,55,70,51,42,39,32,1038,1240,1630,2828,1453,1939,3870,1970,2503,4357,5295,2757,2516,2355,2120,2260,2638,4823,2071,2142,2612,2661,3297,2942,2935,3050,2736,2793,3801,3191,3365,490,506,563,1335,651,1215,2495,1588,1672,2958,3309,1471,1680,1701,1329,1510,1528,2745,1213,1353,1436,1842,2335,1844,1686,1965,1470,1487,2025,1580,2046,2.51,2.72,2.88,2.35,2.26,1.71,1.54,1.59,1.73,1.83,1.92,1.79,1.72,1.71,1.76,1.78,2.10,2.19,1.96,1.85,1.91,1.60,1.55,1.72,1.84,1.90,2.05,2.00,2.17,2.25,1.85
"22 V�sternorrland county","multi-dwelling and commercial builings with both dwellings and non-residential premises (code 321)",34,36,25,11,22,27,11,25,43,22,25,17,15,15,15,17,20,26,31,17,19,18,22,14,13,14,22,27,29,18,16,1433,1408,2570,2395,5498,3060,14308,4607,3823,9560,4764,1615,5282,3631,2495,2505,3529,5449,3755,3135,3474,3541,3523,5529,3521,4741,3294,11673,7354,5791,6679,664,471,1205,925,2043,2078,9673,2952,2436,4521,3133,1221,4058,2449,1627,1550,2097,4652,2475,2148,2321,2506,2239,4357,2098,2832,2742,9748,5204,2549,4358,2.32,2.62,2.89,2.55,2.29,1.50,1.49,1.54,1.70,1.83,1.61,1.36,1.52,1.44,1.60,1.77,1.86,1.68,1.81,2.01,1.71,1.48,1.91,1.58,1.58,1.58,1.57,1.68,1.83,2.40,1.63
"22 V�sternorrland county","multi-dwelling and commercial buildings with non-residential premises (code 325)",18,21,21,12,31,15,15,7,31,23,19,18,16,24,16,16,31,39,23,24,14,12,14,21,7,25,21,20,10,13,5,9025,8871,4695,6750,10362,5392,3356,3869,18335,14030,14171,7426,6296,20836,9644,3490,8939,8402,14803,7076,3598,3334,6151,5276,3255,6726,4246,28758,3823,2897,4774,3202,2024,1961,3276,3795,3948,2418,2298,11879,6096,7996,4579,4195,13181,5534,2334,6817,6856,7608,3478,1697,2231,4873,4486,2031,5217,3306,22190,1786,1715,2915,2.10,3.42,2.77,2.07,2.14,1.53,1.92,1.52,1.41,2.14,1.88,1.66,1.53,1.68,1.71,1.56,1.93,1.80,1.79,2.26,1.79,2.19,1.82,1.38,1.68,1.55,2.04,2.03,2.40,1.88,2.32
"23 J�mtland county","multi-dwelling and commercial buildings (code 320, 321, 325)",68,69,82,53,46,55,36,42,88,67,63,43,54,85,46,50,76,77,64,59,33,47,37,38,48,48,60,71,50,31,32,3395,1659,3871,3612,2072,4028,2988,2563,9309,3079,3041,2531,3175,6307,3467,2888,5026,3820,2998,4508,2145,4482,2630,4550,5983,4274,4897,8486,4167,7060,4591,1404,564,1434,1500,1067,2372,2156,1947,7160,2173,2352,1631,2027,3705,1954,1656,3301,2170,1821,3181,1064,3255,1804,2419,4261,2955,3271,6113,2185,3322,3209,2.76,2.86,3.00,2.59,1.89,1.75,1.72,1.57,1.53,1.80,1.66,2.00,1.76,2.08,2.44,2.09,1.96,2.03,2.14,2.19,2.36,1.63,1.77,1.83,1.87,1.96,1.72,1.96,2.27,2.23,1.76
"23 J�mtland county","multi-dwelling and commercial buildings with dwellings (code 320)",41,47,53,24,22,33,21,25,44,32,32,25,20,40,18,29,39,43,36,24,19,28,22,21,28,31,36,36,23,13,10,1723,1424,3841,3988,2185,3263,2294,2848,5317,1953,3743,2006,2189,2949,3235,2378,3254,3112,4015,3141,2584,5439,2807,3522,7606,5258,5569,8709,4313,8720,3973,671,435,1411,1690,1155,1970,1567,2135,4121,1405,3215,1293,1486,1554,1416,1234,2078,1445,2548,1653,1258,4032,1920,1984,5201,3925,3738,6171,2210,3885,2202,2.94,3.19,3.10,2.76,2.05,1.65,1.58,1.57,1.60,1.82,1.59,2.10,1.89,2.59,3.04,2.21,1.92,2.35,1.91,2.10,2.16,1.54,1.84,1.92,1.96,1.70,1.60,1.99,2.12,2.18,1.97
"23 J�mtland county","multi-dwelling and commercial builings with both dwellings and non-residential premises (code 321)",11,11,17,11,12,11,10,7,18,24,15,5,21,23,17,8,14,9,14,11,8,11,7,6,8,3,14,18,15,5,10,3187,869,2303,4476,1961,4085,1393,2585,8846,4925,2398,1940,4715,6931,1181,3500,11096,5722,1719,1494,1866,3591,4142,3434,762,2987,5844,11662,5493,4678,8804,889,382,786,1277,936,2243,1030,2087,6208,3567,1182,1308,2916,4942,931,2118,6149,3698,985,626,969,2509,2897,2806,594,1576,3890,9253,2990,2703,6848,2.64,2.09,2.57,2.78,1.49,1.87,1.71,1.46,1.64,1.69,1.82,2.49,1.63,1.52,1.39,1.80,1.94,1.49,2.30,2.79,2.43,1.74,1.38,1.69,1.91,3.03,1.73,1.97,2.02,1.82,1.44
"23 J�mtland county","multi-dwelling and commercial buildings with non-residential premises (code 325)",16,11,12,18,12,11,5,10,26,11,16,13,13,22,11,13,23,25,14,24,6,8,8,11,12,14,10,17,12,13,12,7822,3453,6226,2583,1975,6267,9092,1835,16384,2328,2242,3769,2205,11762,7379,3651,4334,4354,1662,7256,1125,2355,822,7122,5678,2371,1153,4650,2228,6316,1595,3635,1299,2454,1383,1037,3709,6883,1381,12963,1366,1724,2404,1420,6324,4417,2314,3643,2866,786,5880,578,1560,526,3037,4514,1103,722,2666,1130,2996,1016,2.36,2.20,3.19,2.23,1.97,1.93,2.36,1.65,1.34,1.97,1.66,1.62,1.76,1.74,3.07,2.01,2.03,1.65,2.58,2.01,2.88,1.81,1.92,1.72,1.62,2.30,2.16,1.87,2.85,2.44,1.84
"24 V�sterbotten county","multi-dwelling and commercial buildings (code 320, 321, 325)",172,134,135,88,126,94,97,139,141,110,151,107,93,72,66,107,146,143,98,110,74,69,73,66,54,81,87,87,71,55,59,2264,2184,2605,2590,3649,4474,5020,4080,5575,7478,4204,4096,5280,5181,3260,6816,7179,5572,4779,4618,3610,6392,5472,6064,3968,4752,6746,7235,5471,4401,6114,1170,769,912,1209,1860,3186,3392,2664,3781,4245,2590,3011,3871,3500,2064,4818,4649,3687,2684,3202,2135,4897,4165,4113,2749,3028,4842,5446,2865,2557,3837,2.21,2.86,2.96,2.54,2.19,1.46,1.45,1.67,1.68,1.91,1.78,1.54,1.50,1.69,1.81,1.59,1.79,1.85,1.89,1.63,1.84,1.63,1.49,1.60,1.67,1.79,1.84,1.86,2.11,2.06,1.64
"24 V�sterbotten county","multi-dwelling and commercial buildings with dwellings (code 320)",104,91,91,56,81,65,67,111,92,77,113,53,60,37,50,68,99,86,64,68,46,47,47,44,37,50,50,34,33,23,26,2078,1914,2658,2822,3305,4164,5130,2966,3943,2907,3686,2674,4145,2555,3171,8090,4081,4424,4482,5715,3968,5729,5947,4462,5011,5783,6049,6308,5712,3577,5214,1003,725,929,1251,1556,2698,3255,1793,2239,1445,2048,1825,2750,1487,1696,5625,2505,2259,2427,3799,2481,4024,4457,2896,3503,3729,3841,3783,3409,1872,3750,2.34,3.04,3.11,2.62,2.42,1.55,1.47,1.74,1.84,2.08,1.88,1.54,1.63,1.74,1.97,1.61,1.82,2.02,1.84,1.64,1.72,1.58,1.42,1.58,1.57,1.77,1.88,1.90,1.83,2.10,1.62
"24 V�sterbotten county","multi-dwelling and commercial builings with both dwellings and non-residential premises (code 321)",46,32,28,21,32,16,18,17,22,16,28,27,14,17,13,24,27,29,13,25,12,8,15,12,9,11,19,43,23,22,26,1699,2481,2348,2199,2773,2389,3943,2495,4586,4420,4161,2690,4655,4368,1777,3704,16445,5367,2351,3188,3933,5459,4760,3532,1851,1608,2963,9039,4823,6128,7793,799,811,804,1278,1455,1839,2264,2096,3537,3063,3144,1757,3003,2842,1094,2717,10786,2960,1365,2718,1868,3451,4267,2122,1059,810,2515,7662,2451,3988,4584,1.98,2.37,2.90,2.22,1.76,1.26,1.48,1.32,1.45,1.54,1.45,1.59,1.35,1.51,1.37,1.54,1.71,1.72,1.66,1.54,1.86,1.56,1.29,1.56,1.83,1.79,1.61,1.77,2.04,1.73,1.59
"24 V�sterbotten county","multi-dwelling and commercial buildings with non-residential premises (code 325)",22,11,16,11,13,13,12,11,27,17,10,27,19,18,3,15,20,28,21,17,16,14,11,10,8,20,18,10,15,10,7,4323,3546,2751,2160,7951,8592,6024,17766,11941,31061,10177,8293,9323,11348,11160,6022,10008,9314,7186,2336,2338,9153,4416,16153,1525,3902,12674,2626,5931,2497,3222,2736,1007,1008,865,4749,7285,5851,12335,9235,18037,7157,6592,8052,8260,12400,4521,6973,8826,4282,1527,1339,8651,2783,11855,1160,2494,10079,1570,2302,984,1382,2.07,2.79,2.23,2.71,1.79,1.26,1.32,1.56,1.33,1.53,1.66,1.49,1.19,1.77,1.03,1.60,1.79,1.43,2.18,1.75,2.16,1.83,2.04,1.74,1.96,1.84,1.98,2.10,2.83,2.72,1.88
"25 Norrbotten county","multi-dwelling and commercial buildings (code 320, 321, 325)",63,72,87,42,35,47,48,47,86,38,80,54,76,65,42,55,88,106,83,59,61,68,66,61,54,56,53,82,49,54,41,1951,5033,2997,3334,4311,4288,4506,5144,10013,5539,5036,3083,4106,9629,6192,3023,4022,7406,3640,4426,4996,3838,5982,3288,3181,3129,4587,11318,3893,4127,3546,814,1747,1065,1432,2043,3361,3027,3673,7077,4455,4284,2057,2754,6435,3575,1734,2358,4933,2099,2877,2960,2259,3611,1918,1825,1768,2570,8683,2439,2150,2348,1.98,2.66,2.64,2.33,2.09,1.40,1.37,1.45,1.52,1.64,1.60,1.50,1.62,1.64,1.64,1.76,1.91,2.04,1.97,1.85,1.98,1.79,1.98,1.91,2.05,1.83,2.15,1.80,2.16,2.05,1.80
"25 Norrbotten county","multi-dwelling and commercial buildings with dwellings (code 320)",33,36,38,16,13,21,16,24,24,11,28,22,34,28,20,27,52,50,38,34,32,27,35,37,30,35,32,31,23,36,12,1241,1658,1337,2834,2926,3098,1482,3181,8725,2404,2214,2958,1890,2742,3573,2020,3472,3993,3897,5043,6723,3946,5282,3258,3816,3212,4344,3506,2660,4368,3491,586,595,477,1243,1373,2148,1189,2435,7401,1418,1313,1836,1235,1550,2041,1024,1553,1651,2407,2975,4336,2214,3381,1972,2187,1850,2151,2315,1467,2032,2013,2.11,2.59,2.63,2.53,2.21,1.45,1.30,1.37,1.50,1.74,1.98,1.56,1.61,1.75,1.83,1.85,2.05,2.31,1.86,1.66,1.77,1.74,2.12,1.84,1.89,1.82,2.20,1.71,2.33,2.03,1.80
"25 Norrbotten county","multi-dwelling and commercial builings with both dwellings and non-residential premises (code 321)",15,17,24,12,10,12,17,9,27,15,29,14,16,12,13,11,15,21,17,7,10,19,9,10,11,9,13,28,11,14,19,3341,4122,5209,6644,1800,2972,3753,10342,7641,5666,8291,3091,6553,4530,3582,3909,4710,9371,2947,8092,1435,3756,11211,2173,2688,4419,6300,14511,7605,4221,4577,1177,1583,1783,2485,961,2424,2773,6809,5403,3947,7460,1976,4650,3115,2641,2732,2763,5948,1784,7436,734,2260,6403,1261,1521,2332,4549,7866,4671,2751,3254,2.07,2.26,2.60,2.27,1.90,1.29,1.31,1.74,1.40,1.62,1.47,1.40,1.50,1.57,1.51,1.42,1.76,1.82,1.93,1.48,2.08,1.70,1.49,1.73,2.27,1.98,1.64,1.99,1.72,2.22,1.53
"25 Norrbotten county","multi-dwelling and commercial buildings with non-residential premises (code 325)",15,19,25,14,12,14,15,14,35,12,23,18,26,25,9,17,21,35,28,18,19,22,22,14,13,12,8,23,15,4,10,2124,12242,3396,1069,7903,7200,8584,5169,12725,8255,4365,3230,5498,19790,15783,4042,4891,11103,3713,1835,3963,3777,4957,4165,2132,1918,2773,17961,3061,1631,1652,953,4077,1272,745,3672,5986,5276,3779,8145,7874,3897,2390,3572,13500,8335,2216,4065,9012,1872,920,1815,2312,2834,2245,1245,1105,1028,18263,2293,1110,1028,1.61,3.15,2.69,2.17,2.12,1.43,1.53,1.40,1.63,1.56,1.29,1.51,1.70,1.55,1.43,1.84,1.66,1.78,2.15,2.37,2.29,1.94,1.96,2.23,2.23,1.76,2.80,1.68,2.22,1.64,2.31
